,link
0,https://www.accountingtoday.com/list/missing-productivity-gains-from-ai-and-other-tech-stories-you-may-have-missed
1,https://www.accountingtoday.com/news/elevate-acquires-gilmore-advisors
2,https://agfundernews.com/agrifoodtech-funding-down-32-in-q3-but-propped-up-by-livestock-management-deals
3,https://agfundernews.com/inside-novonesis-playbook-for-external-innovation-in-biotech
4,https://www.agriculturedive.com/news/agtech-seedlings-bonsai-robotics-secures-15m-to-advance-automated-fruit/738915/
5,https://www.agriculturedive.com/news/regenerative-agriculture-land-loans-pilot-fbn-walton-family-walmart/738899/
6,https://www.wardsauto.com/news/renault-supplier-cyber-attack-consumer-data-stolen/802307/
7,https://www.wardsauto.com/news/ev-sales-end-federal-tax-credit-incentives/802480/
8,http://drupal.prod.autonews.com/guest-commentary/how-green-materials-cars-reduce-greenhouse-gases
9,http://drupal.prod.autonews.com/finance-insurance/top-auto-stories-vw-drops-house-auto-loans
10,https://www.bankingdive.com/news/bessent-fed-community-bank-conference-bowman/802494/
11,https://www.bankingdive.com/news/fed-barr-ai-deepfake-community-bank-4-takeaways/802496/
12,https://www.biopharmadive.com/news/novo-akero-acquire-MASH-drug-efruxifermin-fgf21-89bio/802465/
13,https://www.biopharmadive.com/news/libtayo-fda-approval-adjuvant-cutaneous-squamous-cell-carcinoma/802462/
14,https://www.drugpatentwatch.com/blog/how-to-manage-generic-drug-development-timelines-strategies-for-successv/
15,https://www.drugpatentwatch.com/blog/navigating-the-generic-drug-approval-process-a-comprehensive-guide/
16,https://www.americanmanufacturing.org/blog/this-maryland-shoemaker-is-looking-to-expand/
17,https://www.americanmanufacturing.org/blog/michigan-now-covers-the-pigment-in-yellow-road-paint-under-its-buy-america-laws/
18,https://www.reutersagency.com/en/reutersbest/article/volkswagen-india-unit-faces-1-4-billion-tax-evasion-notice/
19,https://www.reutersagency.com/en/reutersbest/article/worldline-attracts-early-stage-interest-from-private-equity-firms/
20,https://www.caranddriver.com/news/a68990887/nissan-ariya-refresh-japan/
21,https://www.caranddriver.com/reviews/a68853621/2026-tesla-model-3-standard-drive/
22,https://www.reutersagency.com/en/reutersbest/article/norway-gas-flow-to-britain-resumes-after-repair/
23,https://www.reutersagency.com/en/reutersbest/article/ghana-to-delay-more-cocoa-deliveries-as-supply-crisis-worsens/
24,https://www.constructiondive.com/news/construction-inclusion-week-dbe-program/802475/
25,https://www.constructiondive.com/news/nonprofit-construction-recruiting-trades-skills-lowes/802491/
26,https://www.constructionenquirer.com/2025/10/09/ocus-buying-spree-drives-revenue-to-nearly-900m/
27,https://www.constructionenquirer.com/2025/10/09/kier-hires-laing-orourke-boss-to-lead-construction/
28,https://www.customerexperiencedive.com/news/delta-says-its-relentless-focus-on-customer-experience-pays-off/802543/
29,https://www.customerexperiencedive.com/news/cx-leaders-ai-governance/802375/
30,https://www.cstoredive.com/news/winners-losers-c-store-alcoholic-beverages-beer-wine-rtd/761129/
31,https://www.cstoredive.com/news/winners-losers-c-store-alcoholic-beverages-beer-wine-rtd/761129/
32,https://www.cybersecuritydive.com/news/AI-risk-mitigation-governance-oversight-data/802320/
33,https://www.cybersecuritydive.com/news/cyber-risk-a-growing-priority-among-insurance-and-asset-management-firms/802453/
34,https://www.nist.gov/blogs/cybersecurity-insights/sharpening-focus-product-requirements-and-cybersecurity-risks-updating
35,https://www.nist.gov/blogs/cybersecurity-insights/lets-get-digital-updated-digital-identity-guidelines-are-here
36,https://www.dentons.com/en/insights/alerts/2025/january/7/bankruptcy-and-beyond
37,https://dentons.cardenas-cardenas.com/en/insights/articles/2025/january/7/the-changes-that-will-transform-public-health-and-well-being-in-colombia
38,https://feeds.feedblitz.com/~/926003558/0/drugchannels~The-B-Contract-Pharmacy-Market-in-Big-Chains-and-PBMs-Tighten-Their-Grip-rerun.html
39,https://feeds.feedblitz.com/~/925946345/0/drugchannels~GrosstoNet-Realities-at-Top-Drugmakers-A-New-Era-of-Market-Access-rerun.html
40,https://energywatch.eu/EnergyNews/Utilities/article18622536.ece?utm_source=Feed&utm_medium=latest
41,https://energywatch.eu/EnergyNews/strategy/article18622003.ece?utm_source=Feed&utm_medium=latest
42,https://www.enr.com/articles/61557-constructions-split-screen-economy-resilience-at-the-top-strain-below
43,https://www.enr.com/articles/61570-tariffs-fda-upheaval-drive-new-wave-of-us-biomanufacturing-projects
44,https://www.enr.com/articles/61450-government-shutdown-impacts-on-contractors-vary-across-programs
45,https://www.enr.com/articles/61405-navy-picks-eight-firms-for-15b-pacific-deterrence-initiative-construction-contract
46,https://ec.europa.eu/eurostat/product?code=ddn-20250909-1
47,https://ec.europa.eu/eurostat/product?code=ddn-20250825-1
48,https://www.facilitiesdive.com/news/sheetz-taking-on-driivz-ev-charging-platform/802455/
49,https://www.facilitiesdive.com/news/with-growth-heat-pump-water-heaters-are-no-longer-an-afterthought/802290/
50,https://www.fashiondive.com/news/2024-fashion-licensing-growth-entertainment-ip/758615/
51,https://www.fashiondive.com/news/luxury-jewelry-sales-mixed-2025/758149/
52,https://www.forrester.com/blogs/announcing-our-top-10-cloud-trends-for-2025/
53,https://www.forrester.com/blogs/are-you-running-consumer-personalization-programs-wed-like-to-hear-from-you/
54,https://www.fiercebiotech.com/biotech/2-ex-moderna-leaders-unveil-325m-inaugural-vc-fund-platform-biotechs
55,https://www.fiercebiotech.com/biotech/expedition-resupplies-phase-2-copd-voyage-165m-series
56,https://www.ft.com/content/fe0cb5f4-af60-41b6-b6a7-2ba19a6f3285
57,https://www.ft.com/content/d233de0d-ad0b-4483-9c7f-25d24a7b973a
58,https://www.fooddive.com/news/west-virginia-lawsuit-artificial-color-ban-maha/802497/
59,https://www.fooddive.com/news/west-virginia-lawsuit-artificial-color-ban-maha/802497/
60,https://www.gfk.com/blog/how-fmcg-brands-can-capitalize-on-soaring-eco-consumer-spending-power
61,https://www.gfk.com/blog/how-fmcg-brands-can-capitalize-on-soaring-eco-consumer-spending-power
62,https://www.globenewswire.com/news-release/2025/10/09/3164632/0/en/Linamar-Corporation-to-Acquire-Aludyne-s-North-American-Assets-Further-Enhancing-Structural-Casting-Capabilities.html
63,https://www.globenewswire.com/news-release/2025/10/09/3164467/0/en/Soul-Street-Ventures-Announces-First-Portfolio-Exit-with-Acquisition-of-Sirvatus-by-Carta.html
64,https://www.govexec.com/pay-benefits/2025/10/federal-and-postal-workers-see-double-digit-health-care-premium-increases-again-next-year/408729/
65,https://www.govexec.com/management/2025/10/cabinet-leaders-detail-how-government-shutdown-impacting-their-agencies/408731/
66,https://www.grocerydive.com/news/omega-mart-art-exhibit-experiential-retail-grocery/802294/
67,https://www.grocerydive.com/news/deli-prepared-foods-grocery-foodservice-restaurants/802478/
68,https://www.healthcaredive.com/news/amazon-pharmacy-one-medical-prescription-kiosks/802406/
69,https://www.healthcaredive.com/news/iowa-pharmacy-law-sf-383-challenge-amicus-brief/802459/
70,https://www.highereddive.com/news/richey-confirmed-to-lead-education-departments-office-for-civil-rights-2025-trump-mcmahon/802374/
71,https://www.highereddive.com/news/university-of-nebraska-lincoln-faculty-raise-alarms-about-program-cuts/802420/
72,https://www.hospitalitynet.org/opinion/4129294.html
73,https://www.hospitalitynet.org/news/4129291.html
74,https://www.hoteldive.com/news/hotel-performance-economic-outlook-trends/802445/
75,https://www.hoteldive.com/news/hospitality-industry-workforce-shortfall-wttc/802451/
76,https://www.inman.com/2025/10/08/amit-kulkarni-russ-cofano-launch-strategy-firm-alloy-advisors/
77,https://www.inman.com/2025/10/08/how-the-government-shutdown-is-impacting-real-estate/
78,https://www.insurancenews.com.au/daily/threatened-unit-owner-challenges-insurer-s-reticence-on-recovery
79,https://www.insurancenews.com.au/daily/landslide-probe-warns-on-forgotten-risk
80,https://www.investing.com/analysis/mediumterm-corporates-lead-us-bond-market-in-2025-200664184
81,https://www.investing.com/analysis/fixed-income-6-strategies-to-improve-riskreturn-profile-in-turbulent-times-200663988
82,https://www.investing.com/news/transcripts/dhi-group-at-noble-capital-strategic-growth-amidst-challenges-93CH-4280364
83,https://www.investing.com/news/transcripts/earnings-call-transcript-thunderbird-entertainment-q4-2025-misses-forecasts-93CH-4280306
84,https://www.investing.com/news/earnings/park-aerospace-shares-plunge-after-revenue-decline-93CH-4280562
85,https://www.investing.com/news/earnings/applied-digital-earnings-beat-by-011-revenue-topped-estimates-4280418
86,https://www.investing.com/analysis/3-things-to-watch-this-week-tradewar-worries-earnings-and-record-highs-200663267
87,https://www.investing.com/analysis/why-rising-401k-contributions-signal-a-shift-in-financial-priorities-200662862
88,https://www.investing.com/analysis/can-microcaps-continue-to-outperform-this-year-200668267
89,https://www.investing.com/analysis/8-sp-500-bargains-showing-early-signs-of-explosive-rebounds-200668245
90,https://www.investing.com/analysis/tariff-reversal-sets-stage-for-steady-gains-in-chip-stocks-200665002
91,https://www.investing.com/analysis/ai-euphoria-vs-tariff-shock-can-tech-optimism-keep-markets-rising-in-2025-200664884
92,https://www.investing.com/news/analyst-ratings/bofa-securities-maintains-underperform-rating-on-goodrx-stock-amid-trumprx-uncertainty-93CH-4280346
93,https://www.investing.com/news/analyst-ratings/amd-stock-price-target-maintained-at-250-by-bofa-on-openai-deal-progress-93CH-4280343
94,https://www.investing.com/analysis/paypal-beats-and-raises-outlook-but-stock-slips-as-investors-watch-key-support-200664504
95,https://www.investing.com/analysis/why-now-is-the-time-to-scoop-this-observability-gem-ahead-of-earnings-200664478
96,https://www.investing.com/news/swot-analysis/micron-technologys-swot-analysis-stock-soars-on-aidriven-memory-demand-93CH-4278521
97,https://www.investing.com/news/swot-analysis/oklos-swot-analysis-small-modular-reactor-stock-faces-growth-and-risks-93CH-4278523
98,https://www.investing.com/news/economy-news/feds-bowman-calls-for-tailored-regulation-of-community-banks-93CH-4280353
99,https://www.investing.com/news/economy-news/global-value-tilt-intensifies-as-us-outflows-hit-growth-stock-funds-hardest-4280379
100,https://www.k12dive.com/news/trump-h-1b-visas-how-many-educators-school-data-nea/802519/
101,https://www.k12dive.com/news/rand-jama-studies-cellphone-restritions-bans-bell-to-bell-student-support-2025/802405/
102,https://www.kff.org/health-costs/how-much-do-people-with-employer-plans-spend-out-of-pocket-on-cost-sharing/
103,https://www.kff.org/patient-consumer-protections/health-policy-101-the-regulation-of-private-health-insurance/
104,https://www.labiotech.eu/trends-news/european-biotech-vc/
105,https://www.labiotech.eu/trends-news/top-biotech-deals-in-september-2025/
106,https://www.legaldive.com/news/dems-finance-officers-ask-sec-dol-not-issue-anti-esg-rules-exclusive/740486/
107,https://www.legaldive.com/news/what-businesses-should-know-about-consent-rules-when-calling-consumers/740283/
108,https://logisticsviewpoints.com/2025/10/09/ingka-group-acquires-locus-to-enhance-ikeas-home-delivery-operations-with-ai-powered-logistics/
109,https://logisticsviewpoints.com/2025/10/09/coupa-to-acquire-scoutbee-implications-for-supply-chain-and-procurement-teams/
110,https://www.machineinsider.com/anca-appoints-christopher-weaver-as-group-chief-financial-officer-signalling-continued-strategic-investment/
111,https://www.machineinsider.com/scanodent-launches-dentoveda-on-durga-ashtami-pioneering-women-focused-dental-diagnostics-in-india/
112,https://www.marketingdive.com/news/inside-dominos-first-refresh-in-a-decade-including-its-cravemark/801945/
113,https://www.marketingdive.com/news/instacart-retail-media-bona-fides-tiktok-integration/802379/
114,https://www.manufacturingdive.com/news/senate-confirm-commerce-fogel-gentin-peters/802456/
115,https://www.manufacturingdive.com/news/chemical-safety-board-us-steel-cracked-valve-coke-works-plant-explosion/802127/
116,https://www.manufacturing.net/video/video/22951729/forklift-companies-charged-with-dodging-tariffs-defrauding-us-out-of-1m
117,https://www.manufacturing.net/automotive/news/22951635/tesla-sales-surge-q3-surprise-boost-revealed
118,https://www.manufacturing.net/automotive/news/22951717/tesla-design-flaw-deadly-crash-lawsuit-revealed
119,https://www.manufacturing.net/energy/news/22951713/trump-cuts-8b-clean-energy-projects-in-blue-states
120,https://blog.marketresearch.com/asset-performance-management-thenext-big-leap-in-industrial-reliability
121,https://blog.marketresearch.com/asset-performance-management-thenext-big-leap-in-industrial-reliability
122,https://www.marketwatch.com/story/what-treasury-and-the-fed-are-doing-to-limit-how-high-bond-market-yields-can-go-a02525de?mod=mw_rss_topstories
123,https://www.marketwatch.com/story/why-rare-earth-stocks-are-rallying-as-china-gears-up-for-trump-meeting-on-trade-b078e1a8?mod=mw_rss_topstories
124,https://www.medtechdive.com/news/medtech-conference-fda-virtual-keynote/802486/
125,https://www.medtechdive.com/news/Medtronic-initiates-Hugo-robot-gynecology-study/802408/
126,https://www.mining.com/franco-nevada-taps-western-australia-for-next-phase-of-growth/
127,https://www.mining.com/first-majestic-production-climbs-on-record-silver-output/
128,https://www.mintel.com/insights/food-and-drink/rise-of-fiber-how-brands-can-win/
129,https://www.mintel.com/insights/consumer-research/the-health-paradox-how-the-cpg-sector-is-confronting-health-concerns/
130,https://www.morningstar.co.uk/uk/news/269807/what-are-circular-ai-chip-deals-and-should-investors-be-worried.aspx
131,https://www.morningstar.co.uk/uk/news/269803/stock-of-the-week-is-astrazeneca-a-buy-after-share-price-jump?.aspx
132,https://www.multifamilydive.com/news/fogelman-waterton-grubb-executive-hires-promotions/802514/
133,https://www.multifamilydive.com/news/rents-down-september-yardi-realpage/802502/
134,http://www.agcensus.usda.gov/Newsroom/2012/02_10_2012.php
135,http://blogs.usda.gov/2012/02/28/sign-up-and-be-counted/
136,https://www.nass.usda.gov/Newsroom/2025/09-24-2025.php
137,https://www.nass.usda.gov/Newsroom/2025/08-19-2025.php
138,https://www.nass.usda.gov/Newsroom/Notices/2025/01-02-2025.php
139,http://www.nass.usda.gov/Newsroom/Notices/01_18_2012.asp
140,https://www.packagingdive.com/news/target-2025-sustainability-report-evolving-packaging-goals/802369/
141,https://www.packagingdive.com/news/california-epr-sb-54-regulation-caa-update/802188/
142,https://www.paymentsdive.com/news/fiserv-launches-roughrider-stablecoin-banks-crypto-north-dakota/802433/
143,https://www.paymentsdive.com/news/baltimore-sues-moneylion-predatory-lending-tactics-lawsuit/802458/
144,https://www.pharmavoice.com/news/nobel-prize-immunology-sanofi-jnj-novartis-drug/802452/
145,https://www.pharmavoice.com/news/vertex-breakthrough-type-1-diabetes-gene-editing-sana-drug/802267/
146,https://www.renewableenergyworld.com/wind-power/work-starts-on-new-yorks-first-offshore-wind-project/
147,https://www.renewableenergyworld.com/wind-power/work-starts-on-new-yorks-first-offshore-wind-project/
148,https://renewablesnow.com/news/rely-gets-job-on-large-e-saf-project-in-france-1282990/
149,https://renewablesnow.com/news/uniper-to-buy-biomethane-from-five-bioenergy-plants-in-spain-1282937/
150,https://renewablesnow.com/news/enfinity-global-signs-partnership-for-486-mw-italian-battery-project-1283036/
151,https://renewablesnow.com/news/kyoto-inaugurates-its-largest-thermal-battery-in-hungary-1283020/
152,https://renewablesnow.com/news/itm-power-wins-50-mw-hydrogen-feed-contract-15-mw-german-order-1268626
153,https://renewablesnow.com/news/edp-advances-green-hydrogen-project-in-spain-1268647
154,https://renewablesnow.com/news/icfgf-mou-unlocks-gbp-25m-of-govt-funds-for-scottish-green-freeport-1282352/
155,https://renewablesnow.com/news/eco-wave-inaugurates-wave-energy-pilot-at-port-of-los-angeles-1281422/
156,https://renewablesnow.com/news/ebrd-3siif-invest-eur-25m-in-polands-r-power-1283031/
157,https://renewablesnow.com/news/japans-idemitsu-starts-up-5-mw-solar-plant-at-australian-mine-1283027/
158,https://www.restaurantdive.com/news/cava-sea-sand-sun-spend-discount-tiers/802492/
159,https://www.restaurantdive.com/news/deli-prepared-foods-grocery-foodservice-restaurants/802506/
160,https://www.retaildive.com/news/uniqlo-expands-us-footprint-store-openings/802361/
161,https://www.retaildive.com/news/stitch-fix-vision-generative-ai-style-experience/802260/
162,https://www.smartcitiesdive.com/news/nyc-zoning-office-conversions/802428/
163,https://www.smartcitiesdive.com/news/3d-printed-housing-texas-affordability-construction-HiveASMBLD/802485/
164,https://www.socialmediatoday.com/news/snapchat-tests-bitmoji-plaza-3d-avatar-environment-web/802545/
165,https://www.socialmediatoday.com/news/facebook-shutting-down-gaming-creator-program/802539/
166,https://www.spglobal.com/spdji/en/documents/research/research-celebrating-25-years-of-sp-asx-indices.pdf
167,https://www.spglobal.com/spdji/en/documents/premium/research/research-redefining-the-role-of-index-providers.pdf
168,https://www.statista.com/statistics/714020/south-korea-etude-sales-revenue/?utm_souce=Blog&utm_medium=RSS&campaign=BranchenID-479
169,https://www.statista.com/statistics/1288998/china-attitudes-towards-multi-channel-network-industry/?utm_souce=Blog&utm_medium=RSS&campaign=BranchenID-479
170,https://www.statista.com/statistics/1284320/japan-production-value-marine-fisheries-sector/?utm_souce=Blog&utm_medium=RSS&campaign=BranchenID-421
171,https://www.statista.com/statistics/1282086/japan-fishery-management-entities-number/?utm_souce=Blog&utm_medium=RSS&campaign=BranchenID-421
172,https://www.statista.com/statistics/326732/us-oil-rig-numbers-by-region/?utm_souce=Blog&utm_medium=RSS&campaign=BranchenID-410
173,https://www.statista.com/statistics/326727/global-gas-and-oil-rig-numbers-by-region/?utm_souce=Blog&utm_medium=RSS&campaign=BranchenID-410
174,https://www.statista.com/statistics/308022/china-key-figures-on-the-cement-and-concrete-manufacturing-industry/?utm_souce=Blog&utm_medium=RSS&campaign=BranchenID-941
175,https://www.statista.com/statistics/712541/saudi-arabia-cement-deliveries-amount-tabuk-cement/?utm_souce=Blog&utm_medium=RSS&campaign=BranchenID-941
176,https://www.statista.com/statistics/457992/us-unit-sales-of-the-leading-frozen-cookie-dough-vendors/?utm_souce=Blog&utm_medium=RSS&campaign=BranchenID-415
177,https://www.statista.com/statistics/617935/guinness-net-sales-growth-worldwide/?utm_souce=Blog&utm_medium=RSS&campaign=BranchenID-415
178,https://www.statista.com/statistics/1294192/south-korea-digital-shopping-usage-rate-by-type/?utm_souce=Blog&utm_medium=RSS&campaign=BranchenID-413
179,https://www.statista.com/statistics/1295215/indonesia-concerns-when-shopping-in-store-during-ramadan/?utm_souce=Blog&utm_medium=RSS&campaign=BranchenID-413
180,https://www.statista.com/statistics/676627/uk-private-sector-workers-by-region/?utm_souce=Blog&utm_medium=RSS&campaign=BranchenID-2535
181,https://www.statista.com/statistics/677095/employees-by-sector-uk/?utm_souce=Blog&utm_medium=RSS&campaign=BranchenID-2535
182,https://www.statista.com/statistics/1119448/chile-air-pollution-city/?utm_souce=Blog&utm_medium=RSS&campaign=BranchenID-408
183,https://www.statista.com/statistics/1353554/south-korea-energy-transition-policy-priorities-among-experts/?utm_souce=Blog&utm_medium=RSS&campaign=BranchenID-408
184,https://www.statista.com/statistics/862069/smes-use-of-external-finance-types-in-the-uk-by-region/?utm_souce=Blog&utm_medium=RSS&campaign=BranchenID-414
185,https://www.statista.com/statistics/862069/smes-use-of-external-finance-types-in-the-uk-by-region/?utm_souce=Blog&utm_medium=RSS&campaign=BranchenID-414
186,https://www.statista.com/statistics/1178372/gsk-pharmaceuticals-india-value-of-dividends/?utm_souce=Blog&utm_medium=RSS&campaign=BranchenID-412
187,https://www.statista.com/statistics/1178360/gsk-pharmaceuticals-india-net-assets/?utm_souce=Blog&utm_medium=RSS&campaign=BranchenID-412
188,https://www.statista.com/statistics/1281712/india-reasons-to-not-order-food-online-post-lockdown-by-gender/?utm_souce=Blog&utm_medium=RSS&campaign=BranchenID-424
189,https://www.statista.com/statistics/1287424/china-willingness-of-metaverse-social-networking/?utm_souce=Blog&utm_medium=RSS&campaign=BranchenID-424
190,https://www.statista.com/statistics/1063518/south-korea-financial-situation-as-a-source-of-happiness/?utm_souce=Blog&utm_medium=RSS&campaign=BranchenID-416
191,https://www.statista.com/statistics/1341549/south-korea-consumer-life-satisfactions/?utm_souce=Blog&utm_medium=RSS&campaign=BranchenID-416
192,https://www.statista.com/statistics/1296365/anghami-planned-spending-by-segment/?utm_souce=Blog&utm_medium=RSS&campaign=BranchenID-417
193,https://www.statista.com/statistics/1290148/japan-music-cd-usage-rate-by-gender/?utm_souce=Blog&utm_medium=RSS&campaign=BranchenID-417
194,https://www.statista.com/statistics/1292779/ihi-corporation-revenue-share-by-segment/?utm_souce=Blog&utm_medium=RSS&campaign=BranchenID-407
195,https://www.statista.com/statistics/1291704/japan-facility-number-amusement-machine-production/?utm_souce=Blog&utm_medium=RSS&campaign=BranchenID-407
196,https://www.statista.com/statistics/1060792/megaworld-corporation-philippines-net-income/?utm_souce=Blog&utm_medium=RSS&campaign=BranchenID-460
197,https://www.statista.com/statistics/1290897/new-zealand-work-from-home-locations/?utm_souce=Blog&utm_medium=RSS&campaign=BranchenID-460
198,https://www.statista.com/statistics/1296086/japan-digital-talent-market-size/?utm_souce=Blog&utm_medium=RSS&campaign=BranchenID-406
199,https://www.statista.com/statistics/1296522/apac-assignment-length-of-agency-workers/?utm_souce=Blog&utm_medium=RSS&campaign=BranchenID-406
200,https://www.statista.com/statistics/1064394/china-number-of-foreign-mla-requests-sent-by-ministry-of-foreign-affairs-of-china/?utm_souce=Blog&utm_medium=RSS&campaign=BranchenID-411
201,https://www.statista.com/statistics/1456879/milan-population-by-age/?utm_souce=Blog&utm_medium=RSS&campaign=BranchenID-411
202,https://www.statista.com/statistics/1281610/japan-number-anti-doping-tests-conducted-jada-and-if/?utm_souce=Blog&utm_medium=RSS&campaign=BranchenID-409
203,https://www.statista.com/statistics/1353424/isl-kerala-blasters-fc-players-rating/?utm_souce=Blog&utm_medium=RSS&campaign=BranchenID-409
204,https://www.statista.com/statistics/270133/number-of-iptv-households-worldwide/?utm_souce=Blog&utm_medium=RSS&campaign=BranchenID-418
205,https://www.statista.com/statistics/1624881/output-electronics-component-manufacturing-in-israel/?utm_souce=Blog&utm_medium=RSS&campaign=BranchenID-418
206,https://www.statista.com/statistics/1289700/operating-expenses-of-china-airlines/?utm_souce=Blog&utm_medium=RSS&campaign=BranchenID-419
207,https://www.statista.com/statistics/1294552/expected-public-transport-use-regular-users-australia/?utm_souce=Blog&utm_medium=RSS&campaign=BranchenID-419
208,https://www.statista.com/statistics/1340735/south-korea-ordering-more-food-delivery-than-necessary-by-gender/?utm_souce=Blog&utm_medium=RSS&campaign=BranchenID-420
209,https://www.statista.com/statistics/1282286/malaysia-cloud-kitchen-usage/?utm_souce=Blog&utm_medium=RSS&campaign=BranchenID-420
210,https://www.statista.com/study/56730/seniors-housing-in-the-united-states/?utm_souce=Blog&utm_medium=RSS
211,https://www.statista.com/study/106956/cannabis-in-deutschland/?utm_souce=Blog&utm_medium=RSS
212,https://www.supplychaindive.com/news/novelis-factory-closure-fire-auto-supply-chain/802410/
213,https://www.supplychaindive.com/news/ups-de-minimis-money-back-policy-suspension/802508/
214,https://techcrunch.com/2025/10/09/sora-copycats-flooded-apples-app-store-and-some-still-remain/
215,https://techcrunch.com/2025/10/09/netflix-is-letting-users-play-games-on-their-tv-screens/
216,https://www.test.article.test
217,https://www.truckingdive.com/news/fmcsa-q3-2025-capacity-data-operating-authority/801876/
218,https://www.truckingdive.com/news/volvo-trucks-north-america-empty-miles-load-finder-platform/802137/
219,https://www.eia.gov/todayinenergy/detail.php?id=66319
220,https://www.eia.gov/todayinenergy/detail.php?id=66284
221,https://www.utilitydive.com/news/dominion-energy-virginia-north-carolina-solar-wind-storage-ppa/802440/
222,https://www.utilitydive.com/news/senate-confirms-ferc-swett-lacerte/802321/
223,https://venturebeat.com/ai/how-sakana-ais-new-evolutionary-algorithm-builds-powerful-ai-models-without-expensive-retraining/
224,https://venturebeat.com/security/software-is-40-of-security-budgets-as-cisos-shift-to-ai-defense/
225,https://www.wastedive.com/news/palm-beach-county-incinerator-plan-approved/802431/
226,https://www.wastedive.com/news/palm-beach-county-incinerator-plan-approved/802431/
227,https://www.webwire.com/ViewPressRel.asp?aId=345027
228,https://www.webwire.com/ViewPressRel.asp?aId=345007
229,https://www.webwire.com/ViewPressRel.asp?aId=344804
230,https://www.webwire.com/ViewPressRel.asp?aId=344757
231,https://www.webwire.com/ViewPressRel.asp?aId=344958
232,https://www.webwire.com/ViewPressRel.asp?aId=344922
233,https://www.webwire.com/ViewPressRel.asp?aId=344933
234,https://www.webwire.com/ViewPressRel.asp?aId=344864
235,https://www.webwire.com/ViewPressRel.asp?aId=344999
236,https://www.webwire.com/ViewPressRel.asp?aId=344938
237,https://www.webwire.com/ViewPressRel.asp?aId=345025
238,https://www.webwire.com/ViewPressRel.asp?aId=345026
239,https://www.webwire.com/ViewPressRel.asp?aId=345012
240,https://www.webwire.com/ViewPressRel.asp?aId=345013
241,https://www.webwire.com/ViewPressRel.asp?aId=344990
242,https://www.webwire.com/ViewPressRel.asp?aId=344923
243,https://www.webwire.com/ViewPressRel.asp?aId=345024
244,https://www.webwire.com/ViewPressRel.asp?aId=344948
245,https://www.webwire.com/ViewPressRel.asp?aId=344559
246,https://www.webwire.com/ViewPressRel.asp?aId=343679
247,https://www.webwire.com/ViewPressRel.asp?aId=344877
248,https://www.webwire.com/ViewPressRel.asp?aId=344552
249,https://www.webwire.com/ViewPressRel.asp?aId=344997
250,https://www.webwire.com/ViewPressRel.asp?aId=345006
251,https://www.webwire.com/ViewPressRel.asp?aId=344939
252,https://www.webwire.com/ViewPressRel.asp?aId=344892
253,https://www.webwire.com/ViewPressRel.asp?aId=344786
254,https://www.webwire.com/ViewPressRel.asp?aId=344509
255,https://www.webwire.com/ViewPressRel.asp?aId=344993
256,https://www.webwire.com/ViewPressRel.asp?aId=344994
257,https://www.webwire.com/ViewPressRel.asp?aId=344798
258,https://www.webwire.com/ViewPressRel.asp?aId=344297
259,https://www.webwire.com/ViewPressRel.asp?aId=344834
260,https://www.webwire.com/ViewPressRel.asp?aId=345015
261,https://www.webwire.com/ViewPressRel.asp?aId=344985
262,https://www.webwire.com/ViewPressRel.asp?aId=344979
263,https://www.webwire.com/ViewPressRel.asp?aId=344967
264,https://www.webwire.com/ViewPressRel.asp?aId=344228
265,https://www.webwire.com/ViewPressRel.asp?aId=344917
266,https://www.webwire.com/ViewPressRel.asp?aId=344911
267,https://www.webwire.com/ViewPressRel.asp?aId=344653
268,https://www.webwire.com/ViewPressRel.asp?aId=340305
269,https://www.webwire.com/ViewPressRel.asp?aId=345005
270,https://www.webwire.com/ViewPressRel.asp?aId=345019
271,https://www.webwire.com/ViewPressRel.asp?aId=345030
272,https://www.webwire.com/ViewPressRel.asp?aId=345003
273,https://www.webwire.com/ViewPressRel.asp?aId=344868
274,https://www.webwire.com/ViewPressRel.asp?aId=344841
